# swept,evidence source × rung
# dataset,mmlongbench
# scan,any
# sampling,full
# parser,paddleocrvl
# reasoner_spec,qwen3vl-8b-local
# quantization,bf16
# visual_resolution,med
# pool,answerable
# page_selection,oracle
# prompt_mode,none
evidence_source,T,TL,TLV,V,n
(none),52.6 [31.2-73.7],64.7 [40.0-87.5],70.6 [44.4-94.1],47.4 [27.7-66.7],72
Chart,18.3 [12.2-24.4],19.2 [12.4-26.5],49.1 [40.3-57.9],45.7 [36.7-54.7],679
Figure,15.4 [10.4-20.5],22.7 [17.1-28.4],45.8 [38.2-53.0],40.8 [34.4-47.0],1115
Generalized-text (Layout),27.8 [18.2-38.1],39.4 [30.1-48.1],55.1 [45.2-64.7],49.6 [41.3-58.7],437
Pure-text (Plain-text),39.2 [31.4-48.0],48.0 [40.4-55.1],58.0 [50.2-65.4],44.4 [37.9-51.5],1097
Table,40.5 [32.8-47.4],57.3 [49.0-65.2],60.7 [53.6-67.7],37.5 [31.1-44.5],738
n (per col),831,761,717,834,-
