# swept,"prompt_mode × rung (answerable pool, oracle pages)"
# dataset,mmlongbench
# scan,any
# sampling,full
# parser,paddleocrvl
# reasoner_spec,qwen3vl-8b-local
# quantization,bf16
# visual_resolution,med
# representation,T/TL/TLV/V
# pool,answerable
# page_selection,oracle
# anchor,the none row reproduces the G1 headline ladder 31.9 / 39.4 / 56.8 / 45.9; drift is flagged in the note
prompt_mode,T,TL,TLV,V
none,31.9 [27.3-36.5] (n=847),38.8 [34.5-43.0] (n=847),52.5 [48.5-56.5] (n=847) ⚠,45.6 [41.7-49.5] (n=847)
grounded,26.8 [22.8-30.9] (n=847),34.4 [30.5-38.3] (n=847),45.7 [41.7-49.4] (n=847),39.9 [36.3-43.8] (n=847)
abstain,23.3 [19.3-27.2] (n=847),29.3 [25.4-33.1] (n=847),41.4 [37.3-45.4] (n=847),33.5 [29.9-37.1] (n=847)
abstain_balanced,23.8 [19.7-27.9] (n=847),30.0 [26.2-33.8] (n=847),42.6 [38.5-46.6] (n=847),35.2 [31.5-39.0] (n=847)
cot,29.5 [25.2-33.7] (n=847),36.0 [32.5-39.6] (n=847),53.1 [49.4-56.9] (n=847),49.7 [45.5-53.8] (n=847)
extract_cot,28.0 [23.6-32.3] (n=847),36.5 [32.9-40.2] (n=847),50.2 [46.4-54.1] (n=846),44.4 [40.4-48.5] (n=847)
n (per col),5082,5082,5081,5082
